<?xml version="1.0"?>
<AUTORIZACION>
<CAF version="1.0">
<DA>
<RE>76881221-7</RE>
<RS>JOS� FRANCISCO TRONCOSO TRONCOSO REPUEST</RS>
<TD>33</TD>
<RNG><D>1</D><H>100</H></RNG>
<FA>2020-11-01</FA>
<RSAPK><M>zFE3ASNPDnAtKyLU9BHno2BjvPfHY/K3kvaeK+RCVLZ/2bmn0Ybx9AcZ86acRcAHgvWelqq4xChj3Qo7w3VjzQ==</M><E>Aw==</E></RSAPK>
<IDK>100</IDK>
</DA>
<FRMA algoritmo="SHA1withRSA">Ukmm3kVscQHXnvdPj+p1chuGMej+Qmhsx+w7Nk55HyamxS3oG+RjzCQXB+bk5DA3wZ25nix+bdPL+uL79xuwrA==</FRMA>
</CAF>
<RSASK>-----BEGIN RSA PRIVATE KEY-----
MIIBOwIBAAJBAMxRNwEjTw5wLSsi1PQR56NgY7z3x2Pyt5L2nivkQlS2f9m5p9GG
8fQHGfOmnEXAB4L1npaquMQoY90KO8N1Y80CAQMCQQCINiSrbN9e9XNyFziitpps
6u0opS+X9yUMpGlymCw4eHkAJf5UGjEwW5fdvooJq2u3QDrd+6XosuwKIonPCUCT
AiEA894cHQMpP7JZBqEmPXlURBss8Y4WH2RNxMUoZXQ6Hq8CIQDWe2SNUDZoeSSv
heKPveqh1OhUu5sggs49CK4HmK1kQwIhAKKUEr4CG3/MO1nAxCj7jYK8yKEJZBTt
iS3YxZj4Jr8fAiEAjvzts4rO8FDDH66XCn6ca+NFjdJnawHe01ser7seQtcCIQCk
lalE3z1vCfHp0ZO6+qLtSv1cwHArxbwqAEzvm/DEUg==
-----END RSA PRIVATE KEY-----
</RSASK>

<RSAPUBK>-----BEGIN PUBLIC KEY-----
MFowDQYJKoZIhvcNAQEBBQADSQAwRgJBAMxRNwEjTw5wLSsi1PQR56NgY7z3x2Py
t5L2nivkQlS2f9m5p9GG8fQHGfOmnEXAB4L1npaquMQoY90KO8N1Y80CAQM=
-----END PUBLIC KEY-----
</RSAPUBK>
</AUTORIZACION>
