<?xml version="1.0"?>
<AUTORIZACION>
<CAF version="1.0">
<DA>
<RE>76881221-7</RE>
<RS>JOS� FRANCISCO TRONCOSO TRONCOSO REPUEST</RS>
<TD>39</TD>
<RNG><D>1</D><H>100</H></RNG>
<FA>2020-11-01</FA>
<RSAPK><M>2sUBzP83RTD6/aKwZb9JZJUnA9/V/QMHEiy2G2r2BF6HKTpVtqGgnYYS48roTkZBCCilrL9Am6gj20AKXoD2lw==</M><E>Aw==</E></RSAPK>
<IDK>100</IDK>
</DA>
<FRMA algoritmo="SHA1withRSA">WoDOR0VULmVjyMNwpdrl6XhNUerNaDc1PNfVeODH9BKisBuvlM5vq489neFrhHSQjbvKx3Blhzcd+qo+Mp4NDQ==</FRMA>
</CAF>
<RSASK>-----BEGIN RSA PRIVATE KEY-----
MIIBOwIBAAJBANrFAcz/N0Uw+v2isGW/SWSVJwPf1f0DBxIsthtq9gRehyk6Vbah
oJ2GEuPK6E5GQQgopay/QJuoI9tACl6A9pcCAQMCQQCR2Kvd/3ouIKdTwcruf4ZD
DhoClTlTV1oMHc688flYPckJd9yP+vh4dFonSxTuZdrR8Rq68Zydlfrqwaszt2g7
AiEA9TPI9DSYkTRKKjrVNhNWjEAPeowdH9f9ba0ubwMUaw0CIQDkZz2WqhCatI1h
bgUS1VbsjS+DCDe110m9ze8ajdlvMwIhAKN32014ZbYi3BwnOM63jwgqtPxdaL/l
U55zdEoCDZyzAiEAmETTuca1vHheQPQDYeOPSF4frLAlI+Tb096fZwk7n3cCIQDR
lN4zw/QPY2Yb7VRkdeqNTUjBAgjEGyN+knhVNV2X1w==
-----END RSA PRIVATE KEY-----
</RSASK>

<RSAPUBK>-----BEGIN PUBLIC KEY-----
MFowDQYJKoZIhvcNAQEBBQADSQAwRgJBANrFAcz/N0Uw+v2isGW/SWSVJwPf1f0D
BxIsthtq9gRehyk6VbahoJ2GEuPK6E5GQQgopay/QJuoI9tACl6A9pcCAQM=
-----END PUBLIC KEY-----
</RSAPUBK>
</AUTORIZACION>
