<?xml version="1.0"?>
<AUTORIZACION>
<CAF version="1.0">
<DA>
<RE>76881221-7</RE>
<RS>JOS� FRANCISCO TRONCOSO TRONCOSO REPUEST</RS>
<TD>52</TD>
<RNG><D>1</D><H>100</H></RNG>
<FA>2020-11-01</FA>
<RSAPK><M>psta2MNCwWZ2U0dMpt4n8T2cjLxoMZyXfabUJ1k3h9lHdJ4QVIF6Y8kiqPH6DIi2UD0zRAu31V+upnJKINudMQ==</M><E>Aw==</E></RSAPK>
<IDK>100</IDK>
</DA>
<FRMA algoritmo="SHA1withRSA">qIzE64LSQwrKxT4uBETCNpWGbU24cMKH5psTZMinga/5S5KX9EJ8NO58H+z8pwLO4Hqu1oyFJMXe4BXcU5h5sg==</FRMA>
</CAF>
<RSASK>-----BEGIN RSA PRIVATE KEY-----
MIIBOgIBAAJBAKbLWtjDQsFmdlNHTKbeJ/E9nIy8aDGcl32m1CdZN4fZR3SeEFSB
emPJIqjx+gyItlA9M0QLt9VfrqZySiDbnTECAQMCQG8yPJCCLIDu+YzaMxnpb/Yp
Ewh9msu9ulPEjW+Qz6/lHA2PEjFGSxWy4qkDs+COmVub/q/dReb8ByqbFbCxWqMC
IQDTOdv2EfKjeKjbNM9+1/sGlmRBQGxxec6uGOYEbKrMiwIhAMoma374pWZKk/N2
nO1jt8mwbvP7012BFvXNo6UrJsizAiEAjNE9TrahwlBwkiM0/zqnWbmYK4BIS6aJ
yWXurZ3HMwcCIQCGxEep+xju3GKiTxNI7SUxIEn3/TeTq2Sj3m0Yx28wdwIhAKT1
fXv3XK1p+lZIykrePLmUASYLqebv2SFtOcKgmzM6
-----END RSA PRIVATE KEY-----
</RSASK>

<RSAPUBK>-----BEGIN PUBLIC KEY-----
MFowDQYJKoZIhvcNAQEBBQADSQAwRgJBAKbLWtjDQsFmdlNHTKbeJ/E9nIy8aDGc
l32m1CdZN4fZR3SeEFSBemPJIqjx+gyItlA9M0QLt9VfrqZySiDbnTECAQM=
-----END PUBLIC KEY-----
</RSAPUBK>
</AUTORIZACION>
