<?xml version="1.0"?>
<AUTORIZACION>
<CAF version="1.0">
<DA>
<RE>76881221-7</RE>
<RS>JOS� FRANCISCO TRONCOSO TRONCOSO REPUEST</RS>
<TD>56</TD>
<RNG><D>1</D><H>100</H></RNG>
<FA>2020-11-01</FA>
<RSAPK><M>0GpfyI05wdBNiS2FT/kwdhOh+ZfAi4+WLKm4Fwt8Jc48+apE1veT9Uts+tcEdz2WbmZN0fKmWiGeXW0fcuHEhQ==</M><E>Aw==</E></RSAPK>
<IDK>100</IDK>
</DA>
<FRMA algoritmo="SHA1withRSA">gpVHaw6ThOwk+65ltJftMuv10Lpduxcc0jLgornJDWYFIb7ifv2glTSZ0+TSAIftv72zrp8Kqkw/QyJu4fO8Vw==</FRMA>
</CAF>
<RSASK>-----BEGIN RSA PRIVATE KEY-----
MIIBOgIBAAJBANBqX8iNOcHQTYkthU/5MHYTofmXwIuPliypuBcLfCXOPPmqRNb3
k/VLbPrXBHc9lm5mTdHyplohnl1tH3LhxIUCAQMCQQCK8ZUwXiaBNYkGHljf+3Wk
DRamZSsHtQ7IcSVkslLD3Z9DPiBXQp7mt7n1TB4JOVR2kAqFkXVC7L6D2XCCU2jr
AiEA7BSHk4P1kx5Xyc0KalYow6S5o+JlBMdsoh2RhkX7e6kCIQDiAEWA0B4SfOAM
PdptEz7UF9SaJzNxrlHeehVwaWkrfQIhAJ1jBQ0Co7dpj9veBvGOxdfDJm1BmK3a
SGwTtlmD/P0bAiEAlqrZAIq+tv3qstPm82Ip4rqNvBoiS8mL6aa49ZubclMCIGPB
yuDdw14kTbYoTh+mBro+WItHcmas53TyC7OnmXuv
-----END RSA PRIVATE KEY-----
</RSASK>

<RSAPUBK>-----BEGIN PUBLIC KEY-----
MFowDQYJKoZIhvcNAQEBBQADSQAwRgJBANBqX8iNOcHQTYkthU/5MHYTofmXwIuP
liypuBcLfCXOPPmqRNb3k/VLbPrXBHc9lm5mTdHyplohnl1tH3LhxIUCAQM=
-----END PUBLIC KEY-----
</RSAPUBK>
</AUTORIZACION>
