<?xml version="1.0"?>
<AUTORIZACION>
<CAF version="1.0">
<DA>
<RE>76881221-7</RE>
<RS>JOS� FRANCISCO TRONCOSO TRONCOSO REPUEST</RS>
<TD>61</TD>
<RNG><D>1</D><H>100</H></RNG>
<FA>2020-11-01</FA>
<RSAPK><M>rjkwvDaJEax48xPkjTU/9m22UeyCffwECLoZVB+ggcFepW3hFG2f3WmZA4/dVbB7qLLhyRrEKzjs6E9S9wTl5Q==</M><E>Aw==</E></RSAPK>
<IDK>100</IDK>
</DA>
<FRMA algoritmo="SHA1withRSA">VrdAo76Js2EvgaZeNPAU6/EMxAu3EDuVlD7pdk2jKeKUD5WQeG8M7nbdPYydTZgCYHSdsHehA3/ELbvompeAfA==</FRMA>
</CAF>
<RSASK>-----BEGIN RSA PRIVATE KEY-----
MIIBOQIBAAJBAK45MLw2iRGsePMT5I01P/ZttlHsgn38BAi6GVQfoIHBXqVt4RRt
n91pmQOP3VWwe6iy4ckaxCs47OhPUvcE5eUCAQMCQHQmIH15sLZy+0y37bN41U7z
zuFIVv6oArB8EOK/wFZ/z8luFGeNSK3QT+4ppcRAEHmCcSZ9ws1x9mNxw/ZbD/MC
IQDenLfl/Si2S6eCiEBP6ltF94CtpaGt45gXp+mTJ3FrAwIhAMhakNx78PyNCZ6W
ERTE9Rz67oppvHITdeOrOxneCuL3AiEAlGh6mVNweYfFAbAq3/GSLqUAc8PBHpe6
um/xDMT2R1cCIQCFkbXoUqCoXgZpuWC4g04TUfRcRn2hYk6Xx3y76VyXTwIgacoA
c0sEuk/vOorGv3xq+JPhEMFmDxcNB/t1EZKwNm4=
-----END RSA PRIVATE KEY-----
</RSASK>

<RSAPUBK>-----BEGIN PUBLIC KEY-----
MFowDQYJKoZIhvcNAQEBBQADSQAwRgJBAK45MLw2iRGsePMT5I01P/ZttlHsgn38
BAi6GVQfoIHBXqVt4RRtn91pmQOP3VWwe6iy4ckaxCs47OhPUvcE5eUCAQM=
-----END PUBLIC KEY-----
</RSAPUBK>
</AUTORIZACION>
