<?xml version="1.0"?>
<AUTORIZACION>
<CAF version="1.0">
<DA>
<RE>76881221-7</RE>
<RS>JOS� FRANCISCO TRONCOSO TRONCOSO REPUEST</RS>
<TD>33</TD>
<RNG><D>1329</D><H>1348</H></RNG>
<FA>2020-11-02</FA>
<RSAPK><M>xT3sZudvKo9Y2qcN7MZKvWFZGhgwVYzK2t2PbdsFsBCwFKROEqm4oNVbougL5pB7f7w+xsN+dxa8p2m130oStQ==</M><E>Aw==</E></RSAPK>
<IDK>300</IDK>
</DA>
<FRMA algoritmo="SHA1withRSA">IUo/9DnZw64iYnVfb8JGJSh04GoQguTyhEb9ONvkPtzpMBj0N+/0FIYnLL8bMCDvlFJixRvgkSN5TrntOo3WFg==</FRMA>
</CAF>
<RSASK>-----BEGIN RSA PRIVATE KEY-----
MIIBOgIBAAJBAMU97GbnbyqPWNqnDezGSr1hWRoYMFWMytrdj23bBbAQsBSkThKp
uKDVW6LoC+aQe3+8PsbDfncWvKdptd9KErUCAQMCQQCDfp2Z759xtOXnGglIhDHT
ljtmusrjszHnPl+ekgPKtJ3OywHtI7WXrxvcEQqfZBQBxDfwcEBHFl1s1j8PpF+z
AiEA9qZwy1vHEMTSWqOda7I4wY8iySkZsFxeBqZBeP31LRcCIQDMuAL/0y0XeHxX
NTEQRUGb7fMhtQFtsBcp3ebeSd5WEwIhAKRu9dzn2gst4ZHCaPJ20IEKFzDGESA9
lARu1lCpTh4PAiEAiHqsqozIulBS5M4gtYOBEp6iFnirnnVkxpPvPtvpjrcCIEUF
GFAyyYWJ16HZQ0wB9mlwue7A5nZAmkoxoYwD9R1t
-----END RSA PRIVATE KEY-----
</RSASK>

<RSAPUBK>-----BEGIN PUBLIC KEY-----
MFowDQYJKoZIhvcNAQEBBQADSQAwRgJBAMU97GbnbyqPWNqnDezGSr1hWRoYMFWM
ytrdj23bBbAQsBSkThKpuKDVW6LoC+aQe3+8PsbDfncWvKdptd9KErUCAQM=
-----END PUBLIC KEY-----
</RSAPUBK>
</AUTORIZACION>
