<?xml version="1.0"?>
<AUTORIZACION>
<CAF version="1.0">
<DA>
<RE>5483206-0</RE>
<RS>JUANA EUSEBIA TRONCOSO SANCHEZ</RS>
<TD>33</TD>
<RNG><D>1</D><H>50</H></RNG>
<FA>2020-06-17</FA>
<RSAPK><M>6YpciGcurx9/v98OIrgAdy062Hk+W8LpNXCO0AHGDVTRQ1tayz9wOrw0mFkIwEMYzUe2t1bIArJNqmj7jRMS9Q==</M><E>Aw==</E></RSAPK>
<IDK>100</IDK>
</DA>
<FRMA algoritmo="SHA1withRSA">wXSrFVHqiC/Ieo/EXOFX3yYTgqAh3lCZKbwFMg4qlYPh0N64HUxJMnisSGN41fGWtllw3imP2qPoi8VtSEO5AA==</FRMA>
</CAF>
<RSASK>-----BEGIN RSA PRIVATE KEY-----
MIIBOwIBAAJBAOmKXIhnLq8ff7/fDiK4AHctOth5PlvC6TVwjtABxg1U0UNbWss/
cDq8NJhZCMBDGM1HtrdWyAKyTapo+40TEvUCAQMCQQCbsZMFmh8falUqlLQXJVWk
yNHlpimSgfDOSwngAS6zjJrRjxalZRXRbZLQJZIEfYtvYLKVD4MIGs6CmNW4iBRz
AiEA9hl06bPviLu9JoSBt+IJkfUGJymewKPmjnb+hAht+a8CIQDy74/PHzhGxNqx
25711301sTCDriDC0qOJb4U279j6mwIhAKQQ+JvNSlsn028DASVBW7ajWW9xFIBt
RF75/wKwSVEfAiEAofUKihTQLy3nIT0Uo+T+I8t1rR7AgeHCW5+uJJ/l/GcCIQC2
ckgXTfh0+WpiHu9Me2O24uSJmIj3xuEwckSgoupqBA==
-----END RSA PRIVATE KEY-----
</RSASK>

<RSAPUBK>-----BEGIN PUBLIC KEY-----
MFowDQYJKoZIhvcNAQEBBQADSQAwRgJBAOmKXIhnLq8ff7/fDiK4AHctOth5PlvC
6TVwjtABxg1U0UNbWss/cDq8NJhZCMBDGM1HtrdWyAKyTapo+40TEvUCAQM=
-----END PUBLIC KEY-----
</RSAPUBK>
</AUTORIZACION>
