<?xml version="1.0"?>
<AUTORIZACION>
<CAF version="1.0">
<DA>
<RE>5483206-0</RE>
<RS>JUANA EUSEBIA TRONCOSO SANCHEZ</RS>
<TD>39</TD>
<RNG><D>51</D><H>100</H></RNG>
<FA>2020-08-21</FA>
<RSAPK><M>pNbNeYe2w/gX9oC+9hwtBickxP27RSFH8WhSxw7xosxpboJsmeEfWH+wrWl0LM77ZGnGvlm+ayVmzgIOosS8Nw==</M><E>Aw==</E></RSAPK>
<IDK>100</IDK>
</DA>
<FRMA algoritmo="SHA1withRSA">EJy2RX5M0EnH+lccY+gWR33Qr3mV3+j+ymlMK2Ydy/jPDrxvtVbWzO/LUmMiBkYV20/VyCBlsXfUk1yZf2H8kA==</FRMA>
</CAF>
<RSASK>-----BEGIN RSA PRIVATE KEY-----
MIIBOQIBAAJBAKTWzXmHtsP4F/aAvvYcLQYnJMT9u0UhR/FoUscO8aLMaW6CbJnh
H1h/sK1pdCzO+2Rpxr5ZvmslZs4CDqLEvDcCAQMCQG3kiPuvzy1QD/mrKfloHgQa
GINT0i4WL/ZFjIS0oRcx3wva1/7/UK8bLaB1BMDPHi59GZo3OurcbGg4uCAsyrsC
IQDPM881ZfQPKwc6cmdm6ikRJZrEpJFda40F7+ZTgtTGMwIhAMuo6vM1bhcmz7HK
UoYhbzz5E1uydYifTb5BxqbvrMXtAiEAiiKKI5lNX3IE0aGaRJwbYMO8gxhg6PJe
A/VEN6yN2XcCIQCHxfH3ePQPbzUhMYxZa599+2I9IaOwajPUK9nEn8iD8wIgJTny
3FoRfy5R++uHuUPybq7STLVdRz93SEwysqMKrSA=
-----END RSA PRIVATE KEY-----
</RSASK>

<RSAPUBK>-----BEGIN PUBLIC KEY-----
MFowDQYJKoZIhvcNAQEBBQADSQAwRgJBAKTWzXmHtsP4F/aAvvYcLQYnJMT9u0Uh
R/FoUscO8aLMaW6CbJnhH1h/sK1pdCzO+2Rpxr5ZvmslZs4CDqLEvDcCAQM=
-----END PUBLIC KEY-----
</RSAPUBK>
</AUTORIZACION>
