<?xml version="1.0"?>
<AUTORIZACION>
<CAF version="1.0">
<DA>
<RE>5483206-0</RE>
<RS>JUANA EUSEBIA TRONCOSO SANCHEZ</RS>
<TD>39</TD>
<RNG><D>1</D><H>50</H></RNG>
<FA>2020-07-24</FA>
<RSAPK><M>q6t1N0LLSDT2uIrSGgaovksBnXqsSp960lXHMlf/U3H7/Vd01PPQSD3W2yys7+O+KozEsYcweK9S7EZsvlW+PQ==</M><E>Aw==</E></RSAPK>
<IDK>100</IDK>
</DA>
<FRMA algoritmo="SHA1withRSA">FiKhmbeTuuVWMJvOpuXDblioO++cm9r8AtrY6x7toRY3JIgAznUbMHDPH3DLVpdTZrYJr4tthRzZa91JdqMcUQ==</FRMA>
</CAF>
<RSASK>-----BEGIN RSA PRIVATE KEY-----
MIIBOgIBAAJBAKurdTdCy0g09riK0hoGqL5LAZ16rEqfetJVxzJX/1Nx+/1XdNTz
0Eg91tssrO/jviqMxLGHMHivUuxGbL5Vvj0CAQMCQHJyTiTXMjAjTyWx4WavGymH
Vmj8ctxqUeGOhMw6qjegOyT0YNchLoNFsucB/CRkybHlw/hRGBJXnpLVn1k23WsC
IQDRyPcxy5PbXpeHmNzDtjgj6TnEJRkf/GKlBL7zL2EyqQIhANF88bHGri8kvcLn
zO8DFGu2elqX9GxgyUALRwqJIj91AiEAi9tPdoe355RlBRCTLSQlbUYmgsNmFVLs
bgMp93TrdxsCIQCLqKEhLx7KGH6B7930rLhHzvw8ZU2dlduAB4SxsMF/owIhAK1P
zcWnsuscbHLiMtVYY+axOlMMmIO99ryuSZk+DOYR
-----END RSA PRIVATE KEY-----
</RSASK>

<RSAPUBK>-----BEGIN PUBLIC KEY-----
MFowDQYJKoZIhvcNAQEBBQADSQAwRgJBAKurdTdCy0g09riK0hoGqL5LAZ16rEqf
etJVxzJX/1Nx+/1XdNTz0Eg91tssrO/jviqMxLGHMHivUuxGbL5Vvj0CAQM=
-----END PUBLIC KEY-----
</RSAPUBK>
</AUTORIZACION>
