<?xml version="1.0"?>
<AUTORIZACION>
<CAF version="1.0">
<DA>
<RE>5483206-0</RE>
<RS>JUANA EUSEBIA TRONCOSO SANCHEZ</RS>
<TD>33</TD>
<RNG><D>51</D><H>100</H></RNG>
<FA>2020-08-21</FA>
<RSAPK><M>7HWU/f/sha3mX/tjce8Wa0RFECeIygtQC6LBt0c0nRrKDw2Owzlxod9WJ3dmbEDSzRug9B9Qf2IcqzDrHUF2tQ==</M><E>Aw==</E></RSAPK>
<IDK>100</IDK>
</DA>
<FRMA algoritmo="SHA1withRSA">HDCZ1OzHwVTWB3RVw3s2U/50T/B+uimBa+hA3lfRWnKcE7KiCUTtF6vOeMWdwS6cw3znlOBmBLc51wAPx97m8w==</FRMA>
</CAF>
<RSASK>-----BEGIN RSA PRIVATE KEY-----
MIIBOgIBAAJBAOx1lP3/7IWt5l/7Y3HvFmtERRAniMoLUAuiwbdHNJ0ayg8NjsM5
caHfVid3ZmxA0s0boPQfUH9iHKsw6x1BdrUCAQMCQQCdo7ipVUhZHpmVUkJL9Lmc
2C4KxQXcB4qybIEk2iMTZelS+VX/erhcfy9A/dTTwyOexGTQb1+7UTbfx0YUUIhr
AiEA9pH7ADRCDsoaLCIUrMUM+0xnZcoZ0ckIo0EuW13ZhL0CIQD1gJyNj79OTQZj
I+X6aY8iEo2j8V5vHV+nGlemoO8lWQIhAKRhUgAi1rSGvB1sDciDXfzdmkPcETaG
BcIrdDzpO63TAiEAo6sTCQp/iYiu7MKZUZu0wWGzwqDpn2jqb2blGcCfbjsCIFGx
XfIMwprpoy9MlhR0kAsIrLEMSHHdPocFaifJD43C
-----END RSA PRIVATE KEY-----
</RSASK>

<RSAPUBK>-----BEGIN PUBLIC KEY-----
MFowDQYJKoZIhvcNAQEBBQADSQAwRgJBAOx1lP3/7IWt5l/7Y3HvFmtERRAniMoL
UAuiwbdHNJ0ayg8NjsM5caHfVid3ZmxA0s0boPQfUH9iHKsw6x1BdrUCAQM=
-----END PUBLIC KEY-----
</RSAPUBK>
</AUTORIZACION>
