<?xml version="1.0"?>
<AUTORIZACION>
<CAF version="1.0">
<DA>
<RE>5483206-0</RE>
<RS>JUANA EUSEBIA TRONCOSO SANCHEZ</RS>
<TD>61</TD>
<RNG><D>1</D><H>50</H></RNG>
<FA>2020-07-29</FA>
<RSAPK><M>6HcV9yo0bMY+9rMT90gW2WOnmzHX7EcnIyBd95Lrgv+iDgkjOrxdfQAtkBJzeMeMOfayUE2IJ0NEVLckaHjEXQ==</M><E>Aw==</E></RSAPK>
<IDK>100</IDK>
</DA>
<FRMA algoritmo="SHA1withRSA">WwbRaVKKVSKqB3njP8Rs7aNoCCy5l5ljoFUD16LTHABL4PJednI7tmOBHjVYQHHIS6dZcoDEMhDYfzmQUWVVeA==</FRMA>
</CAF>
<RSASK>-----BEGIN RSA PRIVATE KEY-----
MIIBOwIBAAJBAOh3FfcqNGzGPvazE/dIFtljp5sx1+xHJyMgXfeS64L/og4JIzq8
XX0ALZASc3jHjDn2slBNiCdDRFS3JGh4xF0CAQMCQQCa+g6kxs2d2X9PIg1PhWSQ
7Rpndo/y2hoXaulPt0esqSaHd/aqLjRAJmwaLr++Hz3kmpp7WorPmBLZpfdH2jfr
AiEA/YuBxkxSy7QhYu4vglKlSnvwdhm/oNZuQ35NI241noUCIQDqt1Nq7yRDaKUo
epzRiPNk5x5UfYYXGXDkj/EODnvR+QIhAKkHq9mINzJ4FkH0H6w3GNxSoE671RXk
SYJUM2z0I78DAiEAnHo3nJ9tgkXDcFG94QX3mJoUOFOuuhD17bVLXrRSi/sCIQCh
mRGOrduZvk0G3OCSy9AvY+G0868HGMQKlV6fikRWgg==
-----END RSA PRIVATE KEY-----
</RSASK>

<RSAPUBK>-----BEGIN PUBLIC KEY-----
MFowDQYJKoZIhvcNAQEBBQADSQAwRgJBAOh3FfcqNGzGPvazE/dIFtljp5sx1+xH
JyMgXfeS64L/og4JIzq8XX0ALZASc3jHjDn2slBNiCdDRFS3JGh4xF0CAQM=
-----END PUBLIC KEY-----
</RSAPUBK>
</AUTORIZACION>
