<?xml version="1.0"?>
<AUTORIZACION>
<CAF version="1.0">
<DA>
<RE>5483206-0</RE>
<RS>JUANA EUSEBIA TRONCOSO SANCHEZ</RS>
<TD>33</TD>
<RNG><D>1</D><H>50</H></RNG>
<FA>2020-06-17</FA>
<RSAPK><M>tuBAJOrdFOXMbeeXj8WoLdW7gyr7ILgYeEAKJ48F/Lt2VScMj5XJ3RIrjCVlUDi45YOUIPG9ElR65ugEsidO7Q==</M><E>Aw==</E></RSAPK>
<IDK>100</IDK>
</DA>
<FRMA algoritmo="SHA1withRSA">o+WzT0dOvThEw0q/asnFenvFWKfriAaWD2Ca6CWKXg+YAlAogNYgRTMeBKyh0KPqlVK8MawS9VCQgzKtq3Z1Gg==</FRMA>
</CAF>
<RSASK>-----BEGIN RSA PRIVATE KEY-----
MIIBOgIBAAJBALbgQCTq3RTlzG3nl4/FqC3Vu4Mq+yC4GHhACiePBfy7dlUnDI+V
yd0SK4wlZVA4uOWDlCDxvRJUeuboBLInTu0CAQMCQHnq1W3x6LiZMvPvul/ZGsk5
J6zHUhXQEFAqsW+0rqh72Ml4vKd7Ecdi4dvu4nxvu0y/o+KzgiYnIXMuo7NAvCsC
IQDiAcYe28kvJ82X5YNsHtR90TVQ+wm7WwFc+DMhftcEPQIhAM8lK9K4lAAKMEDc
u6V2vKIhLs1R2r5+GGvB7u2mbzBxAiEAlqvZaefbdMUzupkCSBSNqTYji1IGfOdW
PfrMwP86AtMCIQCKGMfh0GKqsXWAkyfDpH3Ba3SI4Tx+/rrygUnzxEogSwIhANIo
sNn/l8UfC43j+AausIDu7J8lF/IU4Fs8IbdOgEK/
-----END RSA PRIVATE KEY-----
</RSASK>

<RSAPUBK>-----BEGIN PUBLIC KEY-----
MFowDQYJKoZIhvcNAQEBBQADSQAwRgJBALbgQCTq3RTlzG3nl4/FqC3Vu4Mq+yC4
GHhACiePBfy7dlUnDI+Vyd0SK4wlZVA4uOWDlCDxvRJUeuboBLInTu0CAQM=
-----END PUBLIC KEY-----
</RSAPUBK>
</AUTORIZACION>
